Actual,Predicted
0.36,0.3527295760663626
0.37,0.34811613827310955
