Actual,Predicted
0.58,0.3471637919824149
0.36,0.3527295760663626
0.36,0.35693208625413003
0.34,0.3532302507013626
0.31,0.3501939013020079
0.37,0.34811613827310955
0.26,0.3466196203208406
0.25,0.3458603494392442
